tracking_number,order_number
1ZE2X0010390351997,1
1ZE2X0010390461001,2
1ZE2X0010390526665,3
1ZE2X0010390673452,4
1ZE2X0010390835018,5
1ZE2X0010390924976,6
1ZE2X0010390946916,7
1ZE2X0010391097056,8
1ZE2X0010391214526,9
1ZE2X0010391226577,10
1ZE2X0010391248857,11
1ZE2X0010391641743,12
1ZE2X0010391692144,13
1ZE2X0010391708814,14
1ZE2X0010391731253,15
1ZE2X0010391752098,16
1ZE2X0010391785339,17
1ZE2X0010391972047,18
1ZE2X0010392291076,19
1ZE2X0010392395339,20
1ZE2X0010392416824,21
1ZE2X0010392470462,22
1ZE2X0010392551660,23
1ZE2X0010392638611,24
1ZE2X0010392659232,25
1ZE2X0010392720969,26
1ZE2X0010392728925,27
1ZE2X0010392756912,28
1ZE2X0010392782198,29
1ZE2X0010392903388,30
1ZE2X0010393181504,31
1ZE2X0010393183360,32
1ZE2X0010393206826,33
1ZE2X0010393334723,34
1ZE2X0010393395355,35
1ZE2X0010393561433,36
1ZE2X0010393575026,37
1ZE2X0010393620904,38
1ZE2X0010393697038,39
1ZE2X0010393792194,40
1ZE2X0010393892871,41
1ZE2X0010393897152,42
1ZE2X0010393910967,43
1ZE2X0010394412888,44
1ZE2X0010394431189,45
1ZE2X0010394581893,46
1ZE2X0010394647287,47
1ZE2X0010394676880,48
1ZE2X0010394752869,49
1ZE2X0010394783308,50
1ZE2X0010394794510,51
1ZE2X0010394821187,52
1ZE2X0010394829205,53
1ZE2X0010394942869,54
1ZE2X0010394985359,55
1ZE2X0010394986045,56
1ZE2X0010395004175,57
1ZE2X0010395167946,58
1ZE2X0010395193971,59
1ZE2X0010395270333,60
1ZE2X0010395310101,61
1ZE2X0010395391908,62
1ZE2X0010395553546,63
1ZE2X0010395567399,64
1ZE2X0010395569477,65
1ZE2X0010395649327,66
1ZE2X0010395794269,67
1ZE2X0010395956861,68
1ZE2X0010396072448,69
1ZE2X0010396079272,70
1ZE2X0010396096539,71
1ZE2X0010396159328,72
1ZE2X0010396332738,73
1ZE2X0010396366845,74
1ZE2X0010396383719,75
1ZE2X0010396414435,76
1ZE2X0010396462982,77
1ZE2X0010396588052,78
1ZE2X0010396592556,79
1ZE2X0010396631656,80
1ZE2X0010396649852,81
1ZE2X0010396667136,82
1ZE2X0010396697489,83
1ZE2X0010396819721,84
1ZE2X0010396978925,85
1ZE2X0010396984570,86
1ZE2X0010397024293,87
1ZE2X0010397035316,88
1ZE2X0010397051067,89
1ZE2X0010397165560,90
1ZE2X0010397201181,91
1ZE2X0010397255749,92
1ZE2X0010397271212,93
1ZE2X0010397315504,94
1ZE2X0010397328465,95
1ZE2X0010397386590,96
1ZE2X0010397476840,97
1ZE2X0010397614342,98
1ZE2X0010397709071,99
1ZE2X0010397737693,100